vaadin,vaadin,testtesttesttesttesttesttesttesttesttesttesttesttesttesttesttesttesttesttesttesttesttesttesttesttesttesttesttesttesttesttesttesttesttesttesttesttesttesttesttesttesttesttesttesttesttesttesttesttesttesttesttesttesttesttesttesttesttesttesttesttesttesttesttesttesttesttesttest,http://vaadin.com,vaadinsecretcode
miles,miles,miles description,http://miles.com,milessecretcode
seven_n,7N,7N description, http://7n.com,7nsecretcode
seven_n,7N,7N description, http://7n.com,7nsecretcode
seven_n,7N,7N description, http://7n.com,7nsecretcode
seven_n,7N,7N description, http://7n.com,7nsecretcode
seven_n,7N,7N description, http://7n.com,7nsecretcode
seven_n,7N,7N description, http://7n.com,7nsecretcode
seven_n,7N,7N description, http://7n.com,7nsecretcode
seven_n,7N,7N description, http://7n.com,7nsecretcode
seven_n,7N,7N description, http://7n.com,7nsecretcode
seven_n,7N,7N description, http://7n.com,7nsecretcode
seven_n,7N,7N description, http://7n.com,7nsecretcode
seven_n,7N,7N description, http://7n.com,7nsecretcode
seven_n,7N,7N description, http://7n.com,7nsecretcode
seven_n,7N,7N description, http://7n.com,7nsecretcode
seven_n,7N,7N description, http://7n.com,7nsecretcode
seven_n,7N,7N description, http://7n.com,7nsecretcode
seven_n,7N,7N description, http://7n.com,7nsecretcode
seven_n,7N,7N description, http://7n.com,7nsecretcode
seven_n,7N,7N description, http://7n.com,7nsecretcode
seven_n,7N,7N description, http://7n.com,7nsecretcode
seven_n,7N,7N description, http://7n.com,7nsecretcode
seven_n,7N,7N description, http://7n.com,7nsecretcode
seven_n,7N,7N description, http://7n.com,7nsecretcode
seven_n,7N,7N description, http://7n.com,7nsecretcode
seven_n,7N,7N description, http://7n.com,7nsecretcode
seven_n,7N,7N description, http://7n.com,7nsecretcode
seven_n,7N,7N description, http://7n.com,7nsecretcode
seven_n,7N,7N description, http://7n.com,7nsecretcode
seven_n,7N,7N description, http://7n.com,7nsecretcode
seven_n,7N,7N description, http://7n.com,7nsecretcode
seven_n,7N,7N description, http://7n.com,7nsecretcode
seven_n,7N,7N description, http://7n.com,7nsecretcode
seven_n,7N,7N description, http://7n.com,7nsecretcode
seven_n,7N,7N description, http://7n.com,7nsecretcode
seven_n,7N,7N description, http://7n.com,7nsecretcode
seven_n,7N,7N description, http://7n.com,7nsecretcode
seven_n,7N,7N description, http://7n.com,7nsecretcode
seven_n,7N,7N description, http://7n.com,7nsecretcode
